Disease,Year,Pro_Code,PROVINCE,Week_no,Count
Dengue,2013,GTM,GUATEMALA,1,0
Dengue,2013,GTM,GUATEMALA,2,0
Dengue,2013,GTM,GUATEMALA,3,0
Dengue,2013,GTM,GUATEMALA,4,0
Dengue,2013,GTM,GUATEMALA,5,0
Dengue,2013,GTM,GUATEMALA,6,0
Dengue,2013,GTM,GUATEMALA,7,0
Dengue,2013,GTM,GUATEMALA,8,0
Dengue,2013,GTM,GUATEMALA,9,0
Dengue,2013,GTM,GUATEMALA,10,0
Dengue,2013,GTM,GUATEMALA,11,0
Dengue,2013,GTM,GUATEMALA,12,0
Dengue,2013,GTM,GUATEMALA,13,0
Dengue,2013,GTM,GUATEMALA,14,0
Dengue,2013,GTM,GUATEMALA,15,0
Dengue,2013,GTM,GUATEMALA,16,0
Dengue,2013,GTM,GUATEMALA,17,0
Dengue,2013,GTM,GUATEMALA,18,0
Dengue,2013,GTM,GUATEMALA,19,0
Dengue,2013,GTM,GUATEMALA,20,0
Dengue,2013,GTM,GUATEMALA,21,0
Dengue,2013,GTM,GUATEMALA,22,0
Dengue,2013,GTM,GUATEMALA,23,0
Dengue,2013,GTM,GUATEMALA,24,0
Dengue,2013,GTM,GUATEMALA,25,0
Dengue,2013,GTM,GUATEMALA,26,0
Dengue,2013,GTM,GUATEMALA,27,0
Dengue,2013,GTM,GUATEMALA,28,0
Dengue,2013,GTM,GUATEMALA,29,0
Dengue,2013,GTM,GUATEMALA,30,0
Dengue,2013,GTM,GUATEMALA,31,0
Dengue,2013,GTM,GUATEMALA,32,0
Dengue,2013,GTM,GUATEMALA,33,0
Dengue,2013,GTM,GUATEMALA,34,0
Dengue,2013,GTM,GUATEMALA,35,0
Dengue,2013,GTM,GUATEMALA,36,0
Dengue,2013,GTM,GUATEMALA,37,0
Dengue,2013,GTM,GUATEMALA,38,0
Dengue,2013,GTM,GUATEMALA,39,0
Dengue,2013,GTM,GUATEMALA,40,0
Dengue,2013,GTM,GUATEMALA,41,0
Dengue,2013,GTM,GUATEMALA,42,0
Dengue,2013,GTM,GUATEMALA,43,0
Dengue,2013,GTM,GUATEMALA,44,0
Dengue,2013,GTM,GUATEMALA,45,0
Dengue,2013,GTM,GUATEMALA,46,0
Dengue,2013,GTM,GUATEMALA,47,0
Dengue,2013,GTM,GUATEMALA,48,0
Dengue,2013,GTM,GUATEMALA,49,0
Dengue,2013,GTM,GUATEMALA,50,0
Dengue,2013,GTM,GUATEMALA,51,0
Dengue,2013,GTM,GUATEMALA,52,33
Dengue,2014,GTM,GUATEMALA,1,42
Dengue,2014,GTM,GUATEMALA,2,33
Dengue,2014,GTM,GUATEMALA,3,66
Dengue,2014,GTM,GUATEMALA,4,53
Dengue,2014,GTM,GUATEMALA,5,58
Dengue,2014,GTM,GUATEMALA,6,46
Dengue,2014,GTM,GUATEMALA,7,326
Dengue,2014,GTM,GUATEMALA,8,110
Dengue,2014,GTM,GUATEMALA,9,145
Dengue,2014,GTM,GUATEMALA,10,85
Dengue,2014,GTM,GUATEMALA,11,81
Dengue,2014,GTM,GUATEMALA,12,200
Dengue,2014,GTM,GUATEMALA,13,76
Dengue,2014,GTM,GUATEMALA,14,49
Dengue,2014,GTM,GUATEMALA,15,75
Dengue,2014,GTM,GUATEMALA,16,204
Dengue,2014,GTM,GUATEMALA,17,207
Dengue,2014,GTM,GUATEMALA,18,126
Dengue,2014,GTM,GUATEMALA,19,163
Dengue,2014,GTM,GUATEMALA,20,161
Dengue,2014,GTM,GUATEMALA,21,205
Dengue,2014,GTM,GUATEMALA,22,124
Dengue,2014,GTM,GUATEMALA,23,311
Dengue,2014,GTM,GUATEMALA,24,232
Dengue,2014,GTM,GUATEMALA,25,330
Dengue,2014,GTM,GUATEMALA,26,384
Dengue,2014,GTM,GUATEMALA,27,411
Dengue,2014,GTM,GUATEMALA,28,287
Dengue,2014,GTM,GUATEMALA,29,353
Dengue,2014,GTM,GUATEMALA,30,225
Dengue,2014,GTM,GUATEMALA,31,595
Dengue,2014,GTM,GUATEMALA,32,415
Dengue,2014,GTM,GUATEMALA,33,409
Dengue,2014,GTM,GUATEMALA,34,132
Dengue,2014,GTM,GUATEMALA,35,545
Dengue,2014,GTM,GUATEMALA,36,936
Dengue,2014,GTM,GUATEMALA,37,935
Dengue,2014,GTM,GUATEMALA,38,438
Dengue,2014,GTM,GUATEMALA,39,437
Dengue,2014,GTM,GUATEMALA,40,795
Dengue,2014,GTM,GUATEMALA,41,664
Dengue,2014,GTM,GUATEMALA,42,1083
Dengue,2014,GTM,GUATEMALA,43,585
Dengue,2014,GTM,GUATEMALA,44,623
Dengue,2014,GTM,GUATEMALA,45,544
Dengue,2014,GTM,GUATEMALA,46,577
Dengue,2014,GTM,GUATEMALA,47,1780
Dengue,2014,GTM,GUATEMALA,48,1706
Dengue,2014,GTM,GUATEMALA,49,592
Dengue,2014,GTM,GUATEMALA,50,483
Dengue,2014,GTM,GUATEMALA,51,277
Dengue,2014,GTM,GUATEMALA,52,45
Dengue,2015,GTM,GUATEMALA,1,146
Dengue,2015,GTM,GUATEMALA,2,150
Dengue,2015,GTM,GUATEMALA,3,171
Dengue,2015,GTM,GUATEMALA,4,233
Dengue,2015,GTM,GUATEMALA,5,341
Dengue,2015,GTM,GUATEMALA,6,382
Dengue,2015,GTM,GUATEMALA,7,108
Dengue,2015,GTM,GUATEMALA,8,83
Dengue,2015,GTM,GUATEMALA,9,138
Dengue,2015,GTM,GUATEMALA,10,182
Dengue,2015,GTM,GUATEMALA,11,170
Dengue,2015,GTM,GUATEMALA,12,50
Dengue,2015,GTM,GUATEMALA,13,151
Dengue,2015,GTM,GUATEMALA,14,175
Dengue,2015,GTM,GUATEMALA,15,92
Dengue,2015,GTM,GUATEMALA,16,263
Dengue,2015,GTM,GUATEMALA,17,239
Dengue,2015,GTM,GUATEMALA,18,236
Dengue,2015,GTM,GUATEMALA,19,282
Dengue,2015,GTM,GUATEMALA,20,194
Dengue,2015,GTM,GUATEMALA,21,236
Dengue,2015,GTM,GUATEMALA,22,474
Dengue,2015,GTM,GUATEMALA,23,864
Dengue,2015,GTM,GUATEMALA,24,1014
Dengue,2015,GTM,GUATEMALA,25,433
Dengue,2015,GTM,GUATEMALA,26,1474
Dengue,2015,GTM,GUATEMALA,27,33
Dengue,2015,GTM,GUATEMALA,28,3
Dengue,2015,GTM,GUATEMALA,29,34
Dengue,2015,GTM,GUATEMALA,30,581
Dengue,2015,GTM,GUATEMALA,31,728
Dengue,2015,GTM,GUATEMALA,32,620
Dengue,2015,GTM,GUATEMALA,33,934
Dengue,2015,GTM,GUATEMALA,34,657
Dengue,2015,GTM,GUATEMALA,35,410
Dengue,2015,GTM,GUATEMALA,36,387
Dengue,2015,GTM,GUATEMALA,37,398
Dengue,2015,GTM,GUATEMALA,38,394
Dengue,2015,GTM,GUATEMALA,39,374
Dengue,2015,GTM,GUATEMALA,40,338
Dengue,2015,GTM,GUATEMALA,41,288
Dengue,2015,GTM,GUATEMALA,42,227
Dengue,2015,GTM,GUATEMALA,43,198
Dengue,2015,GTM,GUATEMALA,44,252
Dengue,2015,GTM,GUATEMALA,45,320
Dengue,2015,GTM,GUATEMALA,46,311
Dengue,2015,GTM,GUATEMALA,47,169
Dengue,2015,GTM,GUATEMALA,48,61
Dengue,2015,GTM,GUATEMALA,49,95
Dengue,2015,GTM,GUATEMALA,50,279
Dengue,2015,GTM,GUATEMALA,51,607
Dengue,2015,GTM,GUATEMALA,52,1079
Dengue,2015,GTM,GUATEMALA,53,0
Dengue,2016,GTM,GUATEMALA,1,135
Dengue,2016,GTM,GUATEMALA,2,116
Dengue,2016,GTM,GUATEMALA,3,231
Dengue,2016,GTM,GUATEMALA,4,183
Dengue,2016,GTM,GUATEMALA,5,237
Dengue,2016,GTM,GUATEMALA,6,92
Dengue,2016,GTM,GUATEMALA,7,87
Dengue,2016,GTM,GUATEMALA,8,161
Dengue,2016,GTM,GUATEMALA,9,201
Dengue,2016,GTM,GUATEMALA,10,187
Dengue,2016,GTM,GUATEMALA,11,123
Dengue,2016,GTM,GUATEMALA,12,49
Dengue,2016,GTM,GUATEMALA,13,85
Dengue,2016,GTM,GUATEMALA,14,72
Dengue,2016,GTM,GUATEMALA,15,95
Dengue,2016,GTM,GUATEMALA,16,52
Dengue,2016,GTM,GUATEMALA,17,28
Dengue,2016,GTM,GUATEMALA,18,59
Dengue,2016,GTM,GUATEMALA,19,140
Dengue,2016,GTM,GUATEMALA,20,220
Dengue,2016,GTM,GUATEMALA,21,170
Dengue,2016,GTM,GUATEMALA,22,229
Dengue,2016,GTM,GUATEMALA,23,251
Dengue,2016,GTM,GUATEMALA,24,257
Dengue,2016,GTM,GUATEMALA,25,257
Dengue,2016,GTM,GUATEMALA,26,234
Dengue,2016,GTM,GUATEMALA,27,196
Dengue,2016,GTM,GUATEMALA,28,218
Dengue,2016,GTM,GUATEMALA,29,250
Dengue,2016,GTM,GUATEMALA,30,161
Dengue,2016,GTM,GUATEMALA,31,330
Dengue,2016,GTM,GUATEMALA,32,643
Dengue,2016,GTM,GUATEMALA,33,421
Dengue,2016,GTM,GUATEMALA,34,266
Dengue,2016,GTM,GUATEMALA,35,287
Dengue,2016,GTM,GUATEMALA,36,193
Dengue,2016,GTM,GUATEMALA,37,165
Dengue,2016,GTM,GUATEMALA,38,231
Dengue,2016,GTM,GUATEMALA,39,239
Dengue,2016,GTM,GUATEMALA,40,134
Dengue,2016,GTM,GUATEMALA,41,0
Dengue,2016,GTM,GUATEMALA,42,191
Dengue,2016,GTM,GUATEMALA,43,297
Dengue,2016,GTM,GUATEMALA,44,138
Dengue,2016,GTM,GUATEMALA,45,109
Dengue,2016,GTM,GUATEMALA,46,63
Dengue,2016,GTM,GUATEMALA,47,32
Dengue,2016,GTM,GUATEMALA,48,24
Dengue,2016,GTM,GUATEMALA,49,34
Dengue,2016,GTM,GUATEMALA,50,63
Dengue,2016,GTM,GUATEMALA,51,110
Dengue,2016,GTM,GUATEMALA,52,0
Dengue,2017,GTM,GUATEMALA,1,32
Dengue,2017,GTM,GUATEMALA,2,60
Dengue,2017,GTM,GUATEMALA,3,22
Dengue,2017,GTM,GUATEMALA,4,31
Dengue,2017,GTM,GUATEMALA,5,105
Dengue,2017,GTM,GUATEMALA,6,17
Dengue,2017,GTM,GUATEMALA,7,135
Dengue,2017,GTM,GUATEMALA,8,46
Dengue,2017,GTM,GUATEMALA,9,52
Dengue,2017,GTM,GUATEMALA,10,44
Dengue,2017,GTM,GUATEMALA,11,48
Dengue,2017,GTM,GUATEMALA,12,57
Dengue,2017,GTM,GUATEMALA,13,61
Dengue,2017,GTM,GUATEMALA,14,61
Dengue,2017,GTM,GUATEMALA,15,57
Dengue,2017,GTM,GUATEMALA,16,49
Dengue,2017,GTM,GUATEMALA,17,54
Dengue,2017,GTM,GUATEMALA,18,65
Dengue,2017,GTM,GUATEMALA,19,73
Dengue,2017,GTM,GUATEMALA,20,75
Dengue,2017,GTM,GUATEMALA,21,94
Dengue,2017,GTM,GUATEMALA,22,109
Dengue,2017,GTM,GUATEMALA,23,88
Dengue,2017,GTM,GUATEMALA,24,61
Dengue,2017,GTM,GUATEMALA,25,48
Dengue,2017,GTM,GUATEMALA,26,88
Dengue,2017,GTM,GUATEMALA,27,102
Dengue,2017,GTM,GUATEMALA,28,98
Dengue,2017,GTM,GUATEMALA,29,108
Dengue,2017,GTM,GUATEMALA,30,136
Dengue,2017,GTM,GUATEMALA,31,173
Dengue,2017,GTM,GUATEMALA,32,180
Dengue,2017,GTM,GUATEMALA,33,151
Dengue,2017,GTM,GUATEMALA,34,113
Dengue,2017,GTM,GUATEMALA,35,72
Dengue,2017,GTM,GUATEMALA,36,40
Dengue,2017,GTM,GUATEMALA,37,84
Dengue,2017,GTM,GUATEMALA,38,158
Dengue,2017,GTM,GUATEMALA,39,124
Dengue,2017,GTM,GUATEMALA,40,184
Dengue,2017,GTM,GUATEMALA,41,112
Dengue,2017,GTM,GUATEMALA,42,80
Dengue,2017,GTM,GUATEMALA,43,116
Dengue,2017,GTM,GUATEMALA,44,103
Dengue,2017,GTM,GUATEMALA,45,100
Dengue,2017,GTM,GUATEMALA,46,69
Dengue,2017,GTM,GUATEMALA,47,65
Dengue,2017,GTM,GUATEMALA,48,82
Dengue,2017,GTM,GUATEMALA,49,52
Dengue,2017,GTM,GUATEMALA,50,27
Dengue,2017,GTM,GUATEMALA,51,19
Dengue,2017,GTM,GUATEMALA,52,128
Dengue,2018,GTM,GUATEMALA,1,80
Dengue,2018,GTM,GUATEMALA,2,75
Dengue,2018,GTM,GUATEMALA,3,64
Dengue,2018,GTM,GUATEMALA,4,70
Dengue,2018,GTM,GUATEMALA,5,85
Dengue,2018,GTM,GUATEMALA,6,75
Dengue,2018,GTM,GUATEMALA,7,74
Dengue,2018,GTM,GUATEMALA,8,78
Dengue,2018,GTM,GUATEMALA,9,58
Dengue,2018,GTM,GUATEMALA,10,70
Dengue,2018,GTM,GUATEMALA,11,40
Dengue,2018,GTM,GUATEMALA,12,89
Dengue,2018,GTM,GUATEMALA,13,91
Dengue,2018,GTM,GUATEMALA,14,114
Dengue,2018,GTM,GUATEMALA,15,132
Dengue,2018,GTM,GUATEMALA,16,71
Dengue,2018,GTM,GUATEMALA,17,148
Dengue,2018,GTM,GUATEMALA,18,120
Dengue,2018,GTM,GUATEMALA,19,106
Dengue,2018,GTM,GUATEMALA,20,135
Dengue,2018,GTM,GUATEMALA,21,126
Dengue,2018,GTM,GUATEMALA,22,128
Dengue,2018,GTM,GUATEMALA,23,182
Dengue,2018,GTM,GUATEMALA,24,167
Dengue,2018,GTM,GUATEMALA,25,169
Dengue,2018,GTM,GUATEMALA,26,197
Dengue,2018,GTM,GUATEMALA,27,208
Dengue,2018,GTM,GUATEMALA,28,184
Dengue,2018,GTM,GUATEMALA,29,240
Dengue,2018,GTM,GUATEMALA,30,296
Dengue,2018,GTM,GUATEMALA,31,222
Dengue,2018,GTM,GUATEMALA,32,179
Dengue,2018,GTM,GUATEMALA,33,183
Dengue,2018,GTM,GUATEMALA,34,159
Dengue,2018,GTM,GUATEMALA,35,191
Dengue,2018,GTM,GUATEMALA,36,214
Dengue,2018,GTM,GUATEMALA,37,202
Dengue,2018,GTM,GUATEMALA,38,209
Dengue,2018,GTM,GUATEMALA,39,170
Dengue,2018,GTM,GUATEMALA,40,197
Dengue,2018,GTM,GUATEMALA,41,139
Dengue,2018,GTM,GUATEMALA,42,123
Dengue,2018,GTM,GUATEMALA,43,130
Dengue,2018,GTM,GUATEMALA,44,126
Dengue,2018,GTM,GUATEMALA,45,113
Dengue,2018,GTM,GUATEMALA,46,130
Dengue,2018,GTM,GUATEMALA,47,94
Dengue,2018,GTM,GUATEMALA,48,95
Dengue,2018,GTM,GUATEMALA,49,89
Dengue,2018,GTM,GUATEMALA,50,72
Dengue,2018,GTM,GUATEMALA,51,27
Dengue,2018,GTM,GUATEMALA,52,114
Dengue,2019,GTM,GUATEMALA,1,186
Dengue,2019,GTM,GUATEMALA,2,173
Dengue,2019,GTM,GUATEMALA,3,165
Dengue,2019,GTM,GUATEMALA,4,181
Dengue,2019,GTM,GUATEMALA,5,159
Dengue,2019,GTM,GUATEMALA,6,133
Dengue,2019,GTM,GUATEMALA,7,181
Dengue,2019,GTM,GUATEMALA,8,168
Dengue,2019,GTM,GUATEMALA,9,142
Dengue,2019,GTM,GUATEMALA,10,144
Dengue,2019,GTM,GUATEMALA,11,181
Dengue,2019,GTM,GUATEMALA,12,125
Dengue,2019,GTM,GUATEMALA,13,245
Dengue,2019,GTM,GUATEMALA,14,204
Dengue,2019,GTM,GUATEMALA,15,156
Dengue,2019,GTM,GUATEMALA,16,213
Dengue,2019,GTM,GUATEMALA,17,173
Dengue,2019,GTM,GUATEMALA,18,225
Dengue,2019,GTM,GUATEMALA,19,316
Dengue,2019,GTM,GUATEMALA,20,446
Dengue,2019,GTM,GUATEMALA,21,402
Dengue,2019,GTM,GUATEMALA,22,574
Dengue,2019,GTM,GUATEMALA,23,683
Dengue,2019,GTM,GUATEMALA,24,588
Dengue,2019,GTM,GUATEMALA,25,685
Dengue,2019,GTM,GUATEMALA,26,1088
Dengue,2019,GTM,GUATEMALA,27,1515
Dengue,2019,GTM,GUATEMALA,28,1958
Dengue,2019,GTM,GUATEMALA,29,2510
Dengue,2019,GTM,GUATEMALA,30,2972
Dengue,2019,GTM,GUATEMALA,31,2917
Dengue,2019,GTM,GUATEMALA,32,3095
Dengue,2019,GTM,GUATEMALA,33,2937
Dengue,2019,GTM,GUATEMALA,34,2840
Dengue,2019,GTM,GUATEMALA,35,2370
Dengue,2019,GTM,GUATEMALA,36,2299
Dengue,2019,GTM,GUATEMALA,37,2143
Dengue,2019,GTM,GUATEMALA,38,1991
Dengue,2019,GTM,GUATEMALA,39,1893
Dengue,2019,GTM,GUATEMALA,40,1779
Dengue,2019,GTM,GUATEMALA,41,1583
Dengue,2019,GTM,GUATEMALA,42,1153
Dengue,2019,GTM,GUATEMALA,43,1140
Dengue,2019,GTM,GUATEMALA,44,1015
Dengue,2019,GTM,GUATEMALA,45,943
Dengue,2019,GTM,GUATEMALA,46,875
Dengue,2019,GTM,GUATEMALA,47,658
Dengue,2019,GTM,GUATEMALA,48,629
Dengue,2019,GTM,GUATEMALA,49,577
Dengue,2019,GTM,GUATEMALA,50,432
Dengue,2019,GTM,GUATEMALA,51,158
Dengue,2019,GTM,GUATEMALA,52,222
Dengue,2020,GTM,GUATEMALA,1,365
Dengue,2020,GTM,GUATEMALA,2,279
Dengue,2020,GTM,GUATEMALA,3,324
Dengue,2020,GTM,GUATEMALA,4,334
Dengue,2020,GTM,GUATEMALA,5,298
Dengue,2020,GTM,GUATEMALA,6,269
Dengue,2020,GTM,GUATEMALA,7,238
Dengue,2020,GTM,GUATEMALA,8,233
Dengue,2020,GTM,GUATEMALA,9,224
Dengue,2020,GTM,GUATEMALA,10,232
Dengue,2020,GTM,GUATEMALA,11,155
Dengue,2020,GTM,GUATEMALA,12,85
Dengue,2020,GTM,GUATEMALA,13,89
Dengue,2020,GTM,GUATEMALA,14,61
Dengue,2020,GTM,GUATEMALA,15,57
Dengue,2020,GTM,GUATEMALA,16,86
Dengue,2020,GTM,GUATEMALA,17,68
Dengue,2020,GTM,GUATEMALA,18,101
Dengue,2020,GTM,GUATEMALA,19,72
Dengue,2020,GTM,GUATEMALA,20,99
Dengue,2020,GTM,GUATEMALA,21,113
Dengue,2020,GTM,GUATEMALA,22,74
Dengue,2020,GTM,GUATEMALA,23,99
Dengue,2020,GTM,GUATEMALA,24,100
Dengue,2020,GTM,GUATEMALA,25,133
Dengue,2020,GTM,GUATEMALA,26,116
Dengue,2020,GTM,GUATEMALA,27,89
Dengue,2020,GTM,GUATEMALA,28,89
Dengue,2020,GTM,GUATEMALA,29,83
Dengue,2020,GTM,GUATEMALA,30,89
Dengue,2020,GTM,GUATEMALA,31,81
Dengue,2020,GTM,GUATEMALA,32,59
Dengue,2020,GTM,GUATEMALA,33,76
Dengue,2020,GTM,GUATEMALA,34,62
Dengue,2020,GTM,GUATEMALA,35,68
Dengue,2020,GTM,GUATEMALA,36,64
Dengue,2020,GTM,GUATEMALA,37,46
Dengue,2020,GTM,GUATEMALA,38,66
Dengue,2020,GTM,GUATEMALA,39,70
Dengue,2020,GTM,GUATEMALA,40,57
Dengue,2020,GTM,GUATEMALA,41,62
Dengue,2020,GTM,GUATEMALA,42,52
Dengue,2020,GTM,GUATEMALA,43,68
Dengue,2020,GTM,GUATEMALA,44,53
Dengue,2020,GTM,GUATEMALA,45,47
Dengue,2020,GTM,GUATEMALA,46,39
Dengue,2020,GTM,GUATEMALA,47,40
Dengue,2020,GTM,GUATEMALA,48,30
Dengue,2020,GTM,GUATEMALA,49,26
Dengue,2020,GTM,GUATEMALA,50,24
Dengue,2020,GTM,GUATEMALA,51,15
Dengue,2020,GTM,GUATEMALA,52,2
Dengue,2020,GTM,GUATEMALA,53,0
Dengue,2021,GTM,GUATEMALA,1,30
Dengue,2021,GTM,GUATEMALA,2,28
Dengue,2021,GTM,GUATEMALA,3,53
Dengue,2021,GTM,GUATEMALA,4,43
Dengue,2021,GTM,GUATEMALA,5,38
Dengue,2021,GTM,GUATEMALA,6,34
Dengue,2021,GTM,GUATEMALA,7,49
Dengue,2021,GTM,GUATEMALA,8,30
Dengue,2021,GTM,GUATEMALA,9,41
Dengue,2021,GTM,GUATEMALA,10,37
Dengue,2021,GTM,GUATEMALA,11,28
Dengue,2021,GTM,GUATEMALA,12,19
Dengue,2021,GTM,GUATEMALA,13,33
Dengue,2021,GTM,GUATEMALA,14,53
Dengue,2021,GTM,GUATEMALA,15,52
Dengue,2021,GTM,GUATEMALA,16,52
Dengue,2021,GTM,GUATEMALA,17,41
Dengue,2021,GTM,GUATEMALA,18,48
Dengue,2021,GTM,GUATEMALA,19,48
Dengue,2021,GTM,GUATEMALA,20,49
Dengue,2021,GTM,GUATEMALA,21,64
Dengue,2021,GTM,GUATEMALA,22,66
Dengue,2021,GTM,GUATEMALA,23,66
Dengue,2021,GTM,GUATEMALA,24,79
Dengue,2021,GTM,GUATEMALA,25,46
Dengue,2021,GTM,GUATEMALA,26,57
Dengue,2021,GTM,GUATEMALA,27,84
Dengue,2021,GTM,GUATEMALA,28,74
Dengue,2021,GTM,GUATEMALA,29,85
Dengue,2021,GTM,GUATEMALA,30,100
Dengue,2021,GTM,GUATEMALA,31,105
Dengue,2021,GTM,GUATEMALA,32,56
Dengue,2021,GTM,GUATEMALA,33,87
Dengue,2021,GTM,GUATEMALA,34,63
Dengue,2021,GTM,GUATEMALA,35,45
Dengue,2021,GTM,GUATEMALA,36,38
Dengue,2021,GTM,GUATEMALA,37,51
Dengue,2021,GTM,GUATEMALA,38,66
Dengue,2021,GTM,GUATEMALA,39,71
Dengue,2021,GTM,GUATEMALA,40,87
Dengue,2021,GTM,GUATEMALA,41,65
Dengue,2021,GTM,GUATEMALA,42,69
Dengue,2021,GTM,GUATEMALA,43,58
Dengue,2021,GTM,GUATEMALA,44,72
Dengue,2021,GTM,GUATEMALA,45,60
Dengue,2021,GTM,GUATEMALA,46,69
Dengue,2021,GTM,GUATEMALA,47,48
Dengue,2021,GTM,GUATEMALA,48,49
Dengue,2021,GTM,GUATEMALA,49,60
Dengue,2021,GTM,GUATEMALA,50,43
Dengue,2021,GTM,GUATEMALA,51,42
Dengue,2021,GTM,GUATEMALA,52,0
Dengue,2022,GTM,GUATEMALA,1,69
Dengue,2022,GTM,GUATEMALA,2,45
Dengue,2022,GTM,GUATEMALA,3,63
Dengue,2022,GTM,GUATEMALA,4,48
Dengue,2022,GTM,GUATEMALA,5,55
Dengue,2022,GTM,GUATEMALA,6,49
Dengue,2022,GTM,GUATEMALA,7,57
Dengue,2022,GTM,GUATEMALA,8,68
Dengue,2022,GTM,GUATEMALA,9,61
Dengue,2022,GTM,GUATEMALA,10,72
Dengue,2022,GTM,GUATEMALA,11,91
Dengue,2022,GTM,GUATEMALA,12,78
Dengue,2022,GTM,GUATEMALA,13,71
Dengue,2022,GTM,GUATEMALA,14,39
Dengue,2022,GTM,GUATEMALA,15,77
Dengue,2022,GTM,GUATEMALA,16,83
Dengue,2022,GTM,GUATEMALA,17,82
Dengue,2022,GTM,GUATEMALA,18,127
Dengue,2022,GTM,GUATEMALA,19,249
Dengue,2022,GTM,GUATEMALA,20,194
Dengue,2022,GTM,GUATEMALA,21,235
Dengue,2022,GTM,GUATEMALA,22,261
Dengue,2022,GTM,GUATEMALA,23,274
Dengue,2022,GTM,GUATEMALA,24,288
Dengue,2022,GTM,GUATEMALA,25,275
Dengue,2022,GTM,GUATEMALA,26,228
Dengue,2022,GTM,GUATEMALA,27,289
Dengue,2022,GTM,GUATEMALA,28,248
Dengue,2022,GTM,GUATEMALA,29,270
Dengue,2022,GTM,GUATEMALA,30,267
Dengue,2022,GTM,GUATEMALA,31,229
Dengue,2022,GTM,GUATEMALA,32,218
Dengue,2022,GTM,GUATEMALA,33,273
Dengue,2022,GTM,GUATEMALA,34,210
Dengue,2022,GTM,GUATEMALA,35,268
Dengue,2022,GTM,GUATEMALA,36,244
Dengue,2022,GTM,GUATEMALA,37,249
Dengue,2022,GTM,GUATEMALA,38,285
Dengue,2022,GTM,GUATEMALA,39,298
Dengue,2022,GTM,GUATEMALA,40,246
Dengue,2022,GTM,GUATEMALA,41,203
Dengue,2022,GTM,GUATEMALA,42,270
Dengue,2022,GTM,GUATEMALA,43,168
Dengue,2022,GTM,GUATEMALA,44,201
Dengue,2022,GTM,GUATEMALA,45,157
Dengue,2022,GTM,GUATEMALA,46,170
Dengue,2022,GTM,GUATEMALA,47,100
Dengue,2022,GTM,GUATEMALA,48,88
Dengue,2022,GTM,GUATEMALA,49,62
Dengue,2022,GTM,GUATEMALA,50,49
Dengue,2022,GTM,GUATEMALA,51,185
Dengue,2022,GTM,GUATEMALA,52,67
Dengue,2023,GTM,GUATEMALA,1,107
Dengue,2023,GTM,GUATEMALA,2,101
Dengue,2023,GTM,GUATEMALA,3,123
Dengue,2023,GTM,GUATEMALA,4,115
Dengue,2023,GTM,GUATEMALA,5,167
Dengue,2023,GTM,GUATEMALA,6,147
Dengue,2023,GTM,GUATEMALA,7,153
Dengue,2023,GTM,GUATEMALA,8,223
Dengue,2023,GTM,GUATEMALA,9,256
Dengue,2023,GTM,GUATEMALA,10,191
Dengue,2023,GTM,GUATEMALA,11,197
Dengue,2023,GTM,GUATEMALA,12,198
Dengue,2023,GTM,GUATEMALA,13,106
Dengue,2023,GTM,GUATEMALA,14,182
Dengue,2023,GTM,GUATEMALA,15,187
Dengue,2023,GTM,GUATEMALA,16,212
Dengue,2023,GTM,GUATEMALA,17,204
Dengue,2023,GTM,GUATEMALA,18,231
Dengue,2023,GTM,GUATEMALA,19,277
Dengue,2023,GTM,GUATEMALA,20,278
Dengue,2023,GTM,GUATEMALA,21,372
Dengue,2023,GTM,GUATEMALA,22,425
Dengue,2023,GTM,GUATEMALA,23,519
Dengue,2023,GTM,GUATEMALA,24,540
Dengue,2023,GTM,GUATEMALA,25,496
Dengue,2023,GTM,GUATEMALA,26,624
Dengue,2023,GTM,GUATEMALA,27,793
Dengue,2023,GTM,GUATEMALA,28,999
Dengue,2023,GTM,GUATEMALA,29,1131
Dengue,2023,GTM,GUATEMALA,30,1434
Dengue,2023,GTM,GUATEMALA,31,1685
Dengue,2023,GTM,GUATEMALA,32,1952
Dengue,2023,GTM,GUATEMALA,33,2092
Dengue,2023,GTM,GUATEMALA,34,2883
Dengue,2023,GTM,GUATEMALA,35,3993
Dengue,2023,GTM,GUATEMALA,36,3622
Dengue,2023,GTM,GUATEMALA,37,4766
Dengue,2023,GTM,GUATEMALA,38,4230
Dengue,2023,GTM,GUATEMALA,39,4372
Dengue,2023,GTM,GUATEMALA,40,3989
Dengue,2023,GTM,GUATEMALA,41,3916
Dengue,2023,GTM,GUATEMALA,42,3952
Dengue,2023,GTM,GUATEMALA,43,3059
Dengue,2023,GTM,GUATEMALA,44,2977
Dengue,2023,GTM,GUATEMALA,45,2995
Dengue,2023,GTM,GUATEMALA,46,3045
Dengue,2023,GTM,GUATEMALA,47,2328
Dengue,2023,GTM,GUATEMALA,48,2021
Dengue,2023,GTM,GUATEMALA,49,1830
Dengue,2023,GTM,GUATEMALA,50,1165
Dengue,2023,GTM,GUATEMALA,51,415
Dengue,2023,GTM,GUATEMALA,52,1700
Dengue,2024,GTM,GUATEMALA,1,1745
Dengue,2024,GTM,GUATEMALA,2,1548
Dengue,2024,GTM,GUATEMALA,3,1518
Dengue,2024,GTM,GUATEMALA,4,1483
Dengue,2024,GTM,GUATEMALA,5,1302
Dengue,2024,GTM,GUATEMALA,6,1184
Dengue,2024,GTM,GUATEMALA,7,1050
Dengue,2024,GTM,GUATEMALA,8,959
Dengue,2024,GTM,GUATEMALA,9,1127
Dengue,2024,GTM,GUATEMALA,10,1163
Dengue,2024,GTM,GUATEMALA,11,1163
Dengue,2024,GTM,GUATEMALA,12,735
Dengue,2024,GTM,GUATEMALA,13,1470
Dengue,2024,GTM,GUATEMALA,14,1413
Dengue,2024,GTM,GUATEMALA,15,1486
Dengue,2024,GTM,GUATEMALA,16,1716
Dengue,2024,GTM,GUATEMALA,17,1689
Dengue,2024,GTM,GUATEMALA,18,2100
Dengue,2024,GTM,GUATEMALA,19,2555
Dengue,2024,GTM,GUATEMALA,20,2988
Dengue,2024,GTM,GUATEMALA,21,4152
Dengue,2024,GTM,GUATEMALA,22,5102
Dengue,2024,GTM,GUATEMALA,23,5446
Dengue,2024,GTM,GUATEMALA,24,4870
Dengue,2024,GTM,GUATEMALA,25,5030
Dengue,2024,GTM,GUATEMALA,26,5675
Dengue,2024,GTM,GUATEMALA,27,6334
Dengue,2024,GTM,GUATEMALA,28,6234
Dengue,2024,GTM,GUATEMALA,29,6501
Dengue,2024,GTM,GUATEMALA,30,6490
Dengue,2024,GTM,GUATEMALA,31,6772
Dengue,2024,GTM,GUATEMALA,32,6584
Dengue,2024,GTM,GUATEMALA,33,7029
Dengue,2024,GTM,GUATEMALA,34,7144
Dengue,2024,GTM,GUATEMALA,35,6814
Dengue,2024,GTM,GUATEMALA,36,6838
Dengue,2024,GTM,GUATEMALA,37,7030
Dengue,2024,GTM,GUATEMALA,38,7560
Dengue,2024,GTM,GUATEMALA,39,7123
Dengue,2024,GTM,GUATEMALA,40,6945
Dengue,2024,GTM,GUATEMALA,41,6063
Dengue,2024,GTM,GUATEMALA,42,4409
Dengue,2024,GTM,GUATEMALA,43,3959
Dengue,2024,GTM,GUATEMALA,44,4208
Dengue,2024,GTM,GUATEMALA,45,3410
Dengue,2024,GTM,GUATEMALA,46,2469
Dengue,2024,GTM,GUATEMALA,47,1999
Dengue,2024,GTM,GUATEMALA,48,1577
Dengue,2024,GTM,GUATEMALA,49,1268
Dengue,2024,GTM,GUATEMALA,50,1004
Dengue,2024,GTM,GUATEMALA,51,535
Dengue,2024,GTM,GUATEMALA,52,0
